id, title, description, completed_at, created_at, updated_at
be24db1f-58ce-4938-9666-3a609fe41792,task 01,description 01,2023-02-04T15:08:32.897Z,2023-02-04T15:08:32.897Z,2023-02-04T15:08:32.897Z
2275a741-43ba-4055-88ad-8f130e3f527c,task 02,description 02,,2023-02-04T15:08:32.897Z,2023-02-04T15:08:32.897Z
79d38127-4968-4597-9098-a26c1223bf0c,task 03,description 03,,2023-02-04T15:08:32.897Z,2023-02-04T15:08:32.897Z
a96b1849-9b47-4c0e-a773-4040ac3fb4de,task 04,description 04,,2023-02-04T15:08:32.897Z,2023-02-04T15:08:32.897Z
89047736-ec9e-4847-af92-4d555a9c73a3,task 05,description 05,,2023-02-04T15:08:32.897Z,2023-02-04T15:08:32.897Z
b1a23b94-e5a4-46ae-933c-1d1f55f73b51,task 06,description 06,,2023-02-04T15:08:32.897Z,2023-02-04T15:08:32.897Z
559cf7ae-896c-4bac-8cdd-bf748123bbdf,task 07,description 07,,2023-02-04T15:08:32.897Z,2023-02-04T15:08:32.897Z
a887b129-7ba3-4f54-bfa8-b18a8483a2cc,task 08,description 08,,2023-02-04T15:08:32.897Z,2023-02-04T15:08:32.897Z
0fb826a0-e9f5-46aa-955d-9a5ac462fc88,task 09,description 09,,2023-02-04T15:08:32.897Z,2023-02-04T15:08:32.897Z
367532b5-a93f-472a-a66e-aa2198945004,task 10,description 10,,2023-02-04T15:08:32.897Z,2023-02-04T15:08:32.897Z